"date","domain","Period","name","title","link","evaluation"
2025-11-24,"Macro","中期","Jan Hatzius","FRB利下げの追加実施（12月＋2026年3月・6月）で政策金利が「3-3.25%」まで低下する、という見立てが市場材料化。","https://www.reuters.com/world/china/global-markets-pix-2025-11-24/",4
2025-12-03,"Macro","中期","Jan Hatzius","2026年は「1月停止→3月・6月再開」で最終金利3-3.25%を想定。","https://www.goldmansachs.com/insights/articles/the-outlook-for-fed-rate-cuts-in-2026",4
2025-12-19,"Macro","中期","Jan Hatzius","2026年の世界成長は「2.8%」と“sturdy”。","https://www.goldmansachs.com/insights/articles/the-global-economy-forecast-to-post-sturdy-growth-in-2026",4
2025-12-12,"Macro","長期","Bruce C. Kasman","下押し要因（移民減速の遅行的影響、医療費による成長・インフレ押し上げ）を強調","https://globaldatapod.podbean.com/",2
2025-12-18,"Macro","長期","Bruce C. Kasman","2026年の市場・景気の大枠ドライバーとして「金融政策のまだら」「AIサイクルの継続」「政治・経済の分極化」を提示し、機会とリスクを多面的に整理","https://marketmatters.podbean.com/e/2026-outlook-what-s-next-for-markets-and-the-global-economy/",3
2025-12-08,"Macro","中期","Nathan Sheets","政権寄りの“ハト化”が進むと長期金利が跳ねて逆効果になり得る、という市場メカニズム面の警鐘","https://www.reuters.com/business/fed-could-find-itself-bind-it-sets-stage-powells-successor-2025-12-08/",3
2025-12-08,"Macro","長期","Nathan Sheets","2026–27年を**“Goldilocks”**（堅調成長×抑制的インフレ）寄りに見る一方、関税・財政などのリスクを明示","https://www.citigroup.com/global/insights/prospects-for-2026-goldilocks-performance-but-risks-linger",4
2025-12-09,"Macro","短期","Nathan Sheets","FOMC内の意見割れ局面で、NY連銀総裁の発言などが議長（Powell）支持のシグナルとして機能する、という“委員会運営”の観察","https://www.whsv.com/2025/12/09/federal-reserve-set-cut-rate-may-signal-pause-come/",3
2025-12-18,"Macro","中期","Nathan Sheets","世界成長はトレンド（約3%）近辺、世界インフレは約2%近傍→各国中銀は利下げ方向という整合的ストーリー","https://www.citigroup.com/rcs/citigpa/storage/public/Research-Podcast-Episode-59-Transcript.pdf",4
